{
  "name": "foundry_zh-tw",
  "title": "Translation: 正體中文 [Core]",
  "description": "為 FVTT 核心系统增加了中文。",
  "version": "0.1.4",
  "minimumCoreVersion": "0.6.6",
  "compatibleCoreVersion": "0.7.9",
  "author": "Sad",
  "scripts": [],
  "styles": [],
  "packs": [],
  "languages": [
    {
      "lang": "zh-tw",
      "name": "正體中文",
      "path": "zh-tw.json"
    }
  ],
  "url": "https://github.com/hktrpg/foundry_zh-tw",
  "manifest": "https://github.com/hktrpg/foundry_zh-tw/releases/latest/download/module.json",
  "download": "https://github.com/hktrpg/foundry_zh-tw/releases/download/0.1.4/foundry_zh-tw.zip"
}
