{
  "Activate": "啓動",
  "Author": "作者",
  "Cancel": "取消",
  "Character": "角色",
  "Configure": "設定",
  "Close": "關閉",
  "Degrees": "角度",
  "Default": "預設",
  "Delete": "删除",
  "Distance": "距離",
  "Documentation": "文件",
  "Duplicate": "複製",
  "Error": "錯誤",
  "GridUnits": "單位",
  "Install": "安裝",
  "Elevation": "高度",
  "Foundry Virtual Tabletop": "Foundry Virtual Tabletop",
  "File Path": "檔案位置",
  "Height": "高度",
  "Hidden": "隱藏，",
  "Name": " 名稱",
  "No": "否",
  "Notes": "筆記",
  "Preload": "預載",
  "Token": "指示物",
  "Path": "位置",
  "Packs": "包",
  "Permissions": "許可",
  "Pixels": "像素",
  "Prototype Token": "指示物範本",
  "Ratio": "比率",
  "Rotation": "旋轉",
  "Save Changes": "保存更改",
  "Scale": "比例",
  "Sheet": "卡範本",
  "System": "系統",
  "Type": "類型",
  "Uninstall": "移除",
  "Update": "更新",
  "URL": "URL",
  "Warning": "警告",
  "Width": "寬度",
  "XCoord": "X坐標",
  "YCoord": "Y坐標",
  "Yes": "是",
  "ACTOR.Title": "角色目錄",
  "ACTOR.Create": "新增角色",
  "ACTOR.Search": "搜索角色",
  "APP.NavigateBackConfirm": "你確定想要退出Foundry Virtual Tabletop游戲嗎？",
  "CHAT.Clear": "清除記錄",
  "CHAT.Export": "導出記錄",
  "CHAT.FlushTitle": "對齊聊天記錄",
  "CHAT.FlushWarning": "<h3>確定嗎？</h3><p>所有聊天記錄都會被清除。</p>",
  "CHAT.InvalidCommand": "{command}不是正確的聊天指令。",
  "CHAT.Title": "聊天記錄",
  "CHAT.To": "對",
  "CHAT.PopoutMessage": "彈出信息",
  "CHAT.RevealMessage": "所有人可見",
  "CHAT.ConcealMessage": "改爲非公開",
  "CHAT.RollBlind": "僅GM",
  "CHAT.RollDefault": "預設",
  "CHAT.RollPublic": "公開",
  "CHAT.RollPrivate": "非公開",
  "CHAT.RollSelf": "僅自己",
  "CHAT.RollTables": "隨機表",
  "COMBAT.Begin": "開始戰鬥",
  "COMBAT.Create": "新增戰鬥遭遇",
  "COMBAT.Delete": "删除戰鬥遭遇",
  "COMBAT.Encounter": "戰鬥遭遇",
  "COMBAT.EncounterPrevious": "激活上個遭遇",
  "COMBAT.EncounterNext": "激活下個遭遇",
  "COMBAT.End": "結束戰鬥",
  "COMBAT.InitiativeRoll": "先攻擲骰",
  "COMBAT.InitiativeReset": "重置先攻",
  "COMBAT.None": "無激活遭遇",
  "COMBAT.NoneActive": "在你目前查看的場景中沒有激活的戰鬥遭遇。",
  "COMBAT.NoneRemaining": "這次遭遇中沒有剩下沒有戰敗的參戰者。",
  "COMBAT.NotStarted": "未開始",
  "COMBAT.Resource": "追踪資源",
  "COMBAT.ResourceHint": "爲每位參戰者選擇一種屬性來追踪。",
  "COMBAT.Round": "戰鬥輪",
  "COMBAT.Rounds": "戰鬥輪",
  "COMBAT.RoundPrev": "上一輪",
  "COMBAT.RoundNext": "下一輪",
  "COMBAT.RollNPC": "NPC擲先攻",
  "COMBAT.RollAll": "全體擲先攻",
  "COMBAT.Settings": "戰鬥板設置",
  "COMBAT.SettingsSave": "保存戰鬥板設置",
  "COMBAT.SkipDefeated": "忽略戰敗",
  "COMBAT.SkipDefeatedHint": "自動忽略已被標記爲戰敗的參戰者。",
  "COMBAT.ToggleVis": "切換可見",
  "COMBAT.ToggleDead": "標記戰敗",
  "COMBAT.Turn": "回合",
  "COMBAT.Turns": "回合",
  "COMBAT.TurnEnd": "結束回合",
  "COMBAT.TurnNext": "下一回合",
  "COMBAT.TurnPrev": "上一回合",
  "COMBAT.UnknownCombatant": "未知參戰者",
  "COMBAT.CombatantCreate": "新增參戰者",
  "COMBAT.CombatantDefeated": "戰敗",
  "COMBAT.CombatantHidden": "隱藏",
  "COMBAT.CombatantImage": "縮圖",
  "COMBAT.CombatantInitiative": "先攻值",
  "COMBAT.CombatantStatus": "參戰者狀態",
  "COMBAT.CombatantUpdate": "更新參戰者",
  "COMBAT.CombatantName": "顯示名稱",
  "COMBAT.CombatantRemove": "移除參戰者",
  "COMBAT.CombatantReroll": "重擲先攻",
  "COMBAT.CombatantToken": "連結指示物",
  "COMPENDIUM.Name": "合集名",
  "COMPENDIUM.Create": "新增合集",
  "COMPENDIUM.CreateHint": "在當前世界中新增一個合集。",
  "COMPENDIUM.Delete": "删除合集",
  "COMPENDIUM.DeleteEntry": "删除條目",
  "COMPENDIUM.DeleteConfirm": "<strong>確定嗎？</strong>該合集條目和其數據都將被删除。",
  "COMPENDIUM.DeleteHint": "<strong>確定嗎？</strong>該合集將被永久删除且無法恢復。",
  "COMPENDIUM.Duplicate": "複製合集",
  "COMPENDIUM.DuplicateTitle": "新增合集標題",
  "COMPENDIUM.DuplicateHint": "你可以將此合集作爲一個本地拷貝複製到你的世界。",
  "COMPENDIUM.ErrorRequireTitle": "你必須填寫標題才能新增世界合集。",
  "COMPENDIUM.ImportAll": "導入全部內容",
  "COMPENDIUM.ImportAllHint": "該合集的所有內容將被導入你的世界中一個可命名的文件夾內。",
  "COMPENDIUM.ImportAllStart": "導入{number}條{type}條目到{folder}文件夾中。請耐心等待。",
  "COMPENDIUM.ImportAllFinish": "已成功導入{number}條{type}條目到{folder}文件夾內。",
  "COMPENDIUM.ImportEntry": "導入條目",
  "COMPENDIUM.Type": "條目類型",
  "COMPENDIUM.TypeHint": "每個合集包含一個特定的條目類型。",
  "COMPENDIUM.ToggleVisibility": "切換可見",
  "COMPENDIUM.ToggleLocked": "切換編輯鎖定",
  "COMPENDIUM.ToggleLockedWarning": "解鎖這個（不屬￿該世界的）合集將使之可被編輯。然而，當包含此合集的系統或MOD有任何變更時，你對該合集的改動可能會丟失。你可以考慮複製此合集到你的世界中作爲替代。你依然想要解鎖嗎？",
  "CONTROLS.Title": "游戲控制參考",
  "CONTROLS.Instructions": "該表單描述了用於控制FVTT環境各個方面的通用鍵盤和鼠標指令。某些操作僅適用於GM用戶，這些操作以淺紫色突出顯示。",
  "CONTROLS.GroupBasic": "基礎控制",
  "CONTROLS.BasicSelect": "選擇指示物",
  "CONTROLS.TargetSelect": "選擇目標",
  "CONTROLS.BasicMeasure": "測量距離",
  "CONTROLS.GroupMeasure": "測量控制",
  "CONTROLS.MeasureCircle": "圓形範本",
  "CONTROLS.MeasureCone": "錐形範本",
  "CONTROLS.MeasureRect": "矩形範本",
  "CONTROLS.MeasureRay": "綫形範本",
  "CONTROLS.MeasureClear": "清除範本",
  "CONTROLS.GroupTile": "圖塊控制",
  "CONTROLS.TileSelect": "選擇圖塊",
  "CONTROLS.TilePlace": "放置圖塊",
  "CONTROLS.GroupDrawing": "繪製控制",
  "CONTROLS.DrawingSelect": "選擇繪製",
  "CONTROLS.DrawingRect": "繪製矩形",
  "CONTROLS.DrawingEllipse": "繪製橢圓",
  "CONTROLS.DrawingPoly": "繪製多邊形",
  "CONTROLS.DrawingFree": "自由繪製",
  "CONTROLS.DrawingText": "繪製文字",
  "CONTROLS.DrawingClear": "清除繪製",
  "CONTROLS.DrawingConfig": "設置繪製",
  "CONTROLS.GroupWall": "墻體",
  "CONTROLS.WallDraw": "普通墻",
  "CONTROLS.WallInvisible": "隱形墻",
  "CONTROLS.WallTerrain": "地形墻",
  "CONTROLS.WallEthereal": "幽靈墻",
  "CONTROLS.WallDoors": "門",
  "CONTROLS.WallSecret": "密門",
  "CONTROLS.WallSelect": "框選墻體",
  "CONTROLS.WallSnap": "强制網格吸附",
  "CONTROLS.WallClone": "克隆墻體",
  "CONTROLS.WallClear": "清除墻體",
  "CONTROLS.GroupLighting": "光綫控制",
  "CONTROLS.LightDraw": "繪製光源",
  "CONTROLS.LightClear": "清除光源",
  "CONTROLS.LightReset": "重置戰爭迷霧",
  "CONTROLS.LightDay": "過渡到白天",
  "CONTROLS.LightNight": "過渡到夜晚",
  "CONTROLS.FOWResetTitle": "重置已探索的戰爭迷霧？",
  "CONTROLS.FOWResetDesc": "這將重置所有玩家在該場景內的戰爭迷霧。",
  "CONTROLS.GroupSound": "環境音控制",
  "CONTROLS.SoundDraw": "添加環境音",
  "CONTROLS.SoundClear": "清除音效",
  "CONTROLS.GroupNotes": "日誌筆記",
  "CONTROLS.NoteSelect": "選擇筆記",
  "CONTROLS.NoteToggle": "切換筆記顯示",
  "CONTROLS.NoteClear": "清除筆記",
  "CONTROLS.ClearAll": "清除所有對象",
  "CONTROLS.ClearAllHint": "是否清除該場景內所有{type}對象？",
  "CONTROLS.HeaderGame": "基礎游戲控制",
  "CONTROLS.HeaderGameNotes": "這些操作通常適用於Foundry功能的所有方面。",
  "CONTROLS.HeaderCanvas": "畫布圖層控制",
  "CONTROLS.HeaderCanvasNotes": "這些操作適用於與特定的畫布圖層交互時。",
  "CONTROLS.HeaderObjects": "可放置對象控制",
  "CONTROLS.HeaderObjectsNotes": "這些操作適用於與放置在畫布上的對象交互時。",
  "CONTROLS.HeaderSpecial": "特定控制",
  "CONTROLS.HeaderSpecialNotes": "這些操作僅適用於特定的交互。",
  "CONTROLS.MouseControls": "鼠標控制",
  "CONTROLS.KeyboardControls": "鍵盤控制",
  "CONTROLS.GameMenu": "切換主菜單",
  "CONTROLS.GameClose": "關閉打開的視窗",
  "CONTROLS.GamePause": "切換游戲暫停",
  "CONTROLS.CanvasCancel": "取消待定移動",
  "CONTROLS.CanvasMove": "移動對象",
  "CONTROLS.CanvasPan": "平移畫布",
  "CONTROLS.CanvasSelect": "選擇對象",
  "CONTROLS.CanvasSelectMany": "添加或移除已選擇的對象",
  "CONTROLS.CanvasLeftDrag": "使用當前工具",
  "CONTROLS.CanvasSelectCancel": "取消左鍵拖拽操作",
  "CONTROLS.CanvasZoom": "縮放畫布",
  "CONTROLS.LeftClick": "鼠標左鍵",
  "CONTROLS.LeftClick2": "左鍵雙擊",
  "CONTROLS.LeftDrag": "左鍵拖拽",
  "CONTROLS.Double": "雙擊",
  "CONTROLS.RightClick": "鼠標右鍵",
  "CONTROLS.Drag": "拖",
  "CONTROLS.Drop": "放",
  "CONTROLS.During": "於",
  "CONTROLS.KeyHighlight": "高亮畫布對象",
  "CONTROLS.KeyPan": "平移",
  "CONTROLS.KeyZoomIn": "放大",
  "CONTROLS.KeyZoomOut": "縮小",
  "CONTROLS.KeyCycle": "切換指示物或重置視圖",
  "CONTROLS.KeyMove": "鍵盤移動（指示物或圖塊）",
  "CONTROLS.KeyMoveDiag": "斜向移動",
  "CONTROLS.KeyMoveFace": "朝向",
  "CONTROLS.KeyDelete": "删除選擇對象",
  "CONTROLS.KeyCopy": "複製畫布元素",
  "CONTROLS.KeyPaste": "貼上畫布元素",
  "CONTROLS.KeyUndo": "撤銷畫布操作",
  "CONTROLS.KeyHotbar": "激活熱鍵欄",
  "CONTROLS.RulerTitle": "標尺測量",
  "CONTROLS.RulerMeasure": "用尺子測量距離",
  "CONTROLS.RulerWaypoint": "設置位置點",
  "CONTROLS.RulerMove": "按位置移動指示物",
  "CONTROLS.RulerWhile": "在以指示物爲起點測量時",
  "CONTROLS.ObjectSheet": "打開對象對應的卡片",
  "CONTROLS.ObjectHUD": "顯示對象HUD（如果可用）",
  "CONTROLS.ObjectConfig": "打開對象設置表單",
  "CONTROLS.ObjectDrag": "移動受控對象",
  "CONTROLS.ObjectDragCancel": "取消拖拽",
  "CONTROLS.ObjectRotateSlow": "旋轉對象（慢）",
  "CONTROLS.ObjectRotateFast": "旋轉對象（快）",
  "CONTROLS.ObjectNoSnap": "忽略網格吸附",
  "CONTROLS.MouseWheel": "鼠標滾輪",
  "CONTROLS.DragDrop": "鼠標拖放",
  "CONTROLS.TileBrowser": "圖塊瀏覽器",
  "CONTROLS.TokenHeader": "指示物控制",
  "CONTROLS.TokenPlaceHidden": "放置隱藏指示物",
  "CONTROLS.TokenTarget": "選擇(非擁有)指示物作爲目標",
  "CONTROLS.WallHeader": "墻體層控制",
  "CONTROLS.WallChain": "新增連續墻體",
  "CONTROLS.WallSelectChain": "選擇鏈段",
  "CONTROLS.DrawingHeader": "繪圖工具控制",
  "CONTROLS.DrawingTextConfirm": "確認繪製文字",
  "CONTROLS.DrawingTextCancel": "取消繪製文字",
  "DICE.ErrorNonNumeric": "擲骰公式{formula}未産生結果數值。",
  "DICE.WarnMissingData": "屬性{match}未在相應的擲骰結果中産生。",
  "DRAWING.ConfigTitle": "繪製配置",
  "DRAWING.ConfigDefaultTitle": "預設繪製配置",
  "DRAWING.SubmitDefault": "配置爲預設項",
  "DRAWING.SubmitCreate": "新增繪圖",
  "DRAWING.SubmitUpdate": "更新繪圖",
  "DRAWING.SubmitReset": "重置爲預設",
  "DRAWING.TabPosition": "位置",
  "DRAWING.TabLines": "輪廓",
  "DRAWING.TabFill": "填充",
  "DRAWING.TabText": "文本",
  "DRAWING.NotePosition": "調整繪圖的位置和可見性。",
  "DRAWING.NoteLines": "調整繪圖的輪廓。",
  "DRAWING.NoteFill": "調整繪圖的內部填充屬性。",
  "DRAWING.NoteText": "調整應用到該繪圖的文本標簽（如有）。",
  "DRAWING.Author": "作者",
  "DRAWING.PosX": "X軸坐標",
  "DRAWING.PosY": "Y軸坐標",
  "DRAWING.Width": "寬度",
  "DRAWING.Height": "高度",
  "DRAWING.Rotation": "角度",
  "DRAWING.ZIndex": "Z軸層叠次序",
  "DRAWING.LineWidth": "綫條寬度",
  "DRAWING.StrokeColor": "描邊色",
  "DRAWING.LineOpacity": "綫條不透明度",
  "DRAWING.SmoothingFactor": "平滑係數",
  "DRAWING.SmoothingFactorHint": "平滑係數控制自由繪製中樣條的平滑度。",
  "DRAWING.FillTypes": "填充類型",
  "DRAWING.FillTypeNone": "無",
  "DRAWING.FillTypeSolid": "顔色",
  "DRAWING.FillTypePattern": "樣式",
  "DRAWING.FillColor": "填充色",
  "DRAWING.FillOpacity": "填充不透明度",
  "DRAWING.FillTexture": "填充紋理",
  "DRAWING.TextLabel": "文本標簽",
  "DRAWING.FontFamily": "字體家族",
  "DRAWING.FontSize": "字體大小",
  "DRAWING.TextColor": "文本色",
  "DRAWING.TextOpacity": "文本不透明度",
  "EFFECT.MODE_CUSTOM": "自定義",
  "EFFECT.MODE_MULTIPLY": "乘",
  "EFFECT.MODE_ADD": "加",
  "EFFECT.MODE_DOWNGRADE": "降級",
  "EFFECT.MODE_UPGRADE": "升級",
  "EFFECT.MODE_OVERRIDE": "覆蓋",
  "EFFECT.ConfigTitle": "配置動態效果",
  "EFFECT.TabDetails": "細節",
  "EFFECT.TabDuration": "時長",
  "EFFECT.TabEffects": "效果",
  "EFFECT.Label": "效果標簽",
  "EFFECT.Icon": "效果圖標",
  "EFFECT.IconTint": "圖標色調",
  "EFFECT.Disabled": "效果暫停",
  "EFFECT.Origin": "效果來源",
  "EFFECT.Transfer": "轉移效果到角色",
  "EFFECT.DurationSecs": "效果時長（秒）",
  "EFFECT.StartTime": "效果起始時間",
  "EFFECT.DurationTurns": "效果時長（回合）",
  "EFFECT.Combat": "戰鬥遭遇",
  "EFFECT.StartTurns": "效果起始輪數",
  "EFFECT.ChangeKey": "屬性名",
  "EFFECT.ChangeMode": "改變方式",
  "EFFECT.ChangeValue": "屬性值",
  "EFFECT.Priority": "優先級",
  "EFFECT.Submit": "提交變更",
  "EFFECT.StatusAsleep": "睡眠",
  "EFFECT.StatusDead": "死亡",
  "EFFECT.StatusUnconscious": "昏迷",
  "EFFECT.StatusStunned": "震懾",
  "EFFECT.StatusProne": "伏地",
  "EFFECT.StatusRestrained": "束縛",
  "EFFECT.StatusParalysis": "麻痹",
  "EFFECT.StatusFlying": "飛行",
  "EFFECT.StatusBlind": "目盲",
  "EFFECT.StatusDeaf": "耳聾",
  "EFFECT.StatusSilenced": "沉默",
  "EFFECT.StatusFear": "恐懼",
  "EFFECT.StatusBurning": "燃燒",
  "EFFECT.StatusFrozen": "凍結",
  "EFFECT.StatusShocked": "驚慌",
  "EFFECT.StatusCorrode": "腐蝕",
  "EFFECT.StatusBleeding": "失血",
  "EFFECT.StatusDisease": "疾病",
  "EFFECT.StatusPoison": "中毒",
  "EFFECT.StatusRadiation": "輻射",
  "EFFECT.StatusRegen": "再生",
  "EFFECT.StatusDegen": "惡化",
  "EFFECT.StatusUpgrade": "强效",
  "EFFECT.StatusDowngrade": "虛弱",
  "EFFECT.StatusTarget": "被針對",
  "EFFECT.StatusMarked": "被標記",
  "EFFECT.StatusCursed": "詛咒",
  "EFFECT.StatusBlessed": "祝福",
  "EFFECT.StatusFireShield": "火焰盾",
  "EFFECT.StatusIceShield": "寒冰盾",
  "EFFECT.StatusMagicShield": "魔法盾",
  "EFFECT.StatusHolyShield": "神聖盾",
  "ENTITY.Actor": "角色",
  "ENTITY.ChatMessage": "聊天信息",
  "ENTITY.Combat": "戰鬥遭遇",
  "ENTITY.Item": "物品",
  "ENTITY.Folder": "文件夾",
  "ENTITY.JournalEntry": "日誌",
  "ENTITY.Macro": "宏命令",
  "ENTITY.Playlist": "播放列表",
  "ENTITY.Scene": "場景",
  "ENTITY.RollTable": "隨機表",
  "ENTITY.User": "用戶",
  "ENTITY.Create": "新增{entity}",
  "ENTITY.New": "新的{entity}",
  "ENTITY.CreateNew": "新增",
  "ERROR.ChromiumVersion": "FoundryVTT使用的現代JavaScript功能在Chromium版本（小於{minimum}）中不受支持。你正在使用Chromium版本{version}，可能會遇到問題。",
  "ERROR.LowResolution": "FoundryVTT要求最低分辨率爲1366x768像素，你當前的分辨率爲{width}x{height}像素。低於最低分辨率的話會導致軟件很多功能無法正常運行。",
  "ERROR.NoWebGL": "你的瀏覽器不支持FoundryVTT所需要的WebGL渲染。請確保在瀏覽器中啓用了硬件渲染和WebGL。",
  "ERROR.BackgroundTextureSize": "你正在使用的場景背景紋理尺寸爲{width}x{height}像素。其一或兩者都超出了設備所支持的最大紋理{max}像素。",
  "ERROR.InvalidAdminKey": "你提供的管理員訪問密鑰無效。如果你忘記了配置的密碼，則需要從用戶數據所在位置手動删除<strong>Config/admin.txt</strong>文件。",
  "ERROR.TokenCollide": "正在嘗試的指示物移動與至少一堵墻碰撞。",
  "ERROR.LoadPackages": "瀏覽現有軟件包的請求未能與Foundry服務器連接。請確保你的應用程序允許出站連接。",
  "WARNING.GridConfigNoBG": "你正在爲沒有背景圖像的場景使用網格配置工具。目前不建議這樣做，可能會産生未預期結果。",
  "EULA.Acknowledge": "同意協議",
  "EULA.Agree": "同意",
  "EULA.AgreeHint": "我同意這些條款",
  "EULA.Decline": "不同意",
  "FILES.CreateDirectory": "新增文件夾",
  "FILES.TogglePrivacy": "切換公開模式",
  "FILES.DisplayMode": "顯示模式",
  "FILES.DisplayModeList": "查看列表",
  "FILES.DisplayModeTiles": "圖塊列表",
  "FILES.DisplayModeThumbs": "查看預覽",
  "FILES.DisplayModeImages": "查看圖像",
  "FILES.FilterLabel": "過濾結果",
  "FILES.S3Label": "S3文件桶",
  "FILES.Select": "選擇文件",
  "FILES.Selected": "已選擇",
  "FILES.TileSize": "素材網格尺寸",
  "FILES.TileSizeHint": "指定源圖塊圖稿的像素網格大小，以便在放置到激活的場景中時將自動調整其大小。",
  "FILES.NoResults": "在此位置找不到匹配的結果。",
  "FILES.Upload": "上傳",
  "FILES.Search": "搜索",
  "FILES.ErrorTooLarge": "你正在嘗試上傳的文件太大，代理服務器無法處理。",
  "FILES.ErrorSomethingWrong": "你的文件上傳請求出了點問題。",
  "FILES.WarnUploadModules": "文件已上傳到MOD或系統目錄中。 這通常是<strong>不安全</strong>的，因爲更新系統或MOD時將會删除你上傳的文件。",
  "FILES.TitleImageVideo": "媒體瀏覽器",
  "FILES.TitleImage": "圖片瀏覽器",
  "FILES.TitleVideo": "視訊瀏覽器",
  "FILES.TitleAudio": "音訊瀏覽器",
  "FILES.SourceUser": "用戶數據",
  "FILES.SourceCore": "核心數據",
  "FILES.SourceS3": "Amazon S3",
  "FILES.BrowseTooltip": "瀏覽文件",
  "GAME.Paused": "游戲暫停",
  "GAME.PausedWarning": "游戲暫停時，你不能執行此操作。",
  "INVITATIONS.Copied": "邀請連結已複製到剪貼板",
  "INVITATIONS.Instructions": "分享以下連結給希望加入游戲的用戶。本地邀請連結用於局域網用戶，而互聯網連結用於通過配置的端口進行互聯網連接的用戶。",
  "INVITATIONS.Internet": "互聯網",
  "INVITATIONS.Local": "局域網",
  "INVITATIONS.Title": "邀請連結",
  "ITEM.Create": "新增物品",
  "ITEM.Delete": "删除物品",
  "ITEM.Search": "搜索物品",
  "ITEM.ViewArt": "查看物品圖像",
  "HUD.ToggleVis": "切換可見",
  "HUD.ToggleLock": "切換鎖定",
  "HUD.ToFront": "移至前方",
  "HUD.ToBack": "移至後方",
  "JOURNAL.Title": "日誌",
  "JOURNAL.Search": "搜索日誌",
  "JOURNAL.Create": "新增日誌",
  "JOURNAL.ModeText": "文本",
  "JOURNAL.ModeImage": "圖片",
  "JOURNAL.ActionShow": "展示給玩家",
  "JOURNAL.ActionShowSuccess": "已向{which}玩家展示了{title}的{mode}內容。",
  "JOURNAL.Submit": "保存條目",
  "JOURNAL.AnchorCenter": "中心",
  "JOURNAL.AnchorBottom": "底部",
  "JOURNAL.AnchorTop": "頂部",
  "JOURNAL.AnchorLeft": "左邊",
  "JOURNAL.AnchorRight": "右邊",
  "SCENES.Loading": "加載{name}中",
  "LIGHT.AnimationType": "光源動畫類型",
  "LIGHT.AnimationSpeed": "動畫速度",
  "LIGHT.AnimationIntensity": "動畫强度",
  "LIGHT.AnimationTorch": "火把",
  "LIGHT.AnimationPulse": "脉動",
  "LIGHT.AnimationChroma": "色度",
  "LIGHT.AnimationWave": "脉衝波",
  "LIGHT.AnimationFog": "迷霧",
  "LIGHT.AnimationSunburst": "日照紋",
  "LIGHT.AnimationLightDome": "穹頂紋",
  "LIGHT.AnimationEmanation": "神秘紋",
  "LIGHT.AnimationEnergyField": "能量場",
  "LIGHT.AnimationHexaDome": "六角穹頂紋",
  "LIGHT.AnimationGhostLight": "幽光",
  "LIGHT.AnimationRoilingMass": "攪動質（黑暗）",
  "LIGHT.AnimationBlackHole": "黑洞（黑暗）",
  "LIGHT.ConfigTitle": "光源配置",
  "LIGHT.ConfigHint": "配置該環境光源的位置、半徑、角度、顔色以及動畫。",
  "LIGHT.Create": "新增光源",
  "LIGHT.DarknessThreshold": "黑暗閾值",
  "LIGHT.DarknessThresholdHint": "如果設置了黑暗閾值，則僅當場景黑暗度超過該閾值時，此光綫才可見。",
  "LIGHT.LightDim": "微光半徑",
  "LIGHT.LightBright": "亮光半徑",
  "LIGHT.LightAngle": "光發射角",
  "LIGHT.LightColor": "光照顔色",
  "LIGHT.LightAlpha": "顔色强度",
  "LIGHT.LightRotation": "光朝向角",
  "LIGHT.LightType": "光源類型",
  "LIGHT.TypeLocal": "局部光",
  "LIGHT.TypeGlobal": "全域光",
  "LIGHT.TypeUniversal": "普照光",
  "LIGHT.Update": "更新光源",
  "MACRO.Create": "新增宏",
  "MACRO.Delete": "删除宏",
  "MACRO.DeleteConfirm": "<p><strong>確定嗎？</strong>該宏將被徹底删除。</p>",
  "MACRO.Edit": "編輯宏",
  "MACRO.Execute": "執行宏",
  "MACRO.Remove": "移除宏",
  "MACRO.Save": "保存宏",
  "MACRO.Search": "搜索宏",
  "MENU.Reload": "重新加載",
  "MENU.Logout": "登出",
  "MENU.Players": "玩家設置",
  "MENU.Setup": "返回設置",
  "MODMANAGE.Bugs": "錯誤/問題報告",
  "MODMANAGE.DeactivateAll": "禁用全部MOD",
  "MODMANAGE.Readme": "MOD文件",
  "MODMANAGE.Title": "MOD管理",
  "MODMANAGE.Instructions": "設置當前世界中哪些MOD處於活動狀態。提交對活動MOD的更改將導致重新加載。",
  "MODMANAGE.View": "當前世界中激活的MOD列表",
  "MODMANAGE.None": "當前世界中暫無激活的MOD。你可以查看，但沒有編輯此列表的權限。",
  "MODMANAGE.Search": "搜索",
  "MODMANAGE.Submit": "保存MOD設置",
  "MODMANAGE.Dependencies": "依賴項",
  "MODMANAGE.DepEnable": "該MOD有{number}個依賴項以使其正常運行。是否同時啓用這些依賴項？",
  "MODMANAGE.DepDisable": "該MOC有{number}個依賴項可能不再需要啓用。是否同時禁用這些依賴項？",
  "MODMANAGE.DepMissing": "你已經啓用了{module}，但是其依賴項{missing}沒有啓用！",
  "MODMANAGE.FilterAll": "所有MOD",
  "MODMANAGE.FilterActive": "已啓用MOD",
  "MODMANAGE.FilterInactive": "未啓用MOD",
  "NOTE.AnchorPoint": "文字錨點",
  "NOTE.ConfigTitle": "地圖注釋配置",
  "NOTE.EntryIcon": "實體圖標",
  "NOTE.FontSize": "字體大小",
  "NOTE.FontFamily": "字體家族",
  "NOTE.IconSize": "圖標大小",
  "NOTE.IconTint": "圖標色調",
  "NOTE.TextLabel": "文字標簽",
  "NOTE.TextColor": "文本顔色",
  "NOTE.Update": "更新地圖備注",
  "PLAYERS.Title": "玩家",
  "PLAYERS.CharSelect": "選擇角色",
  "PLAYERS.CharRelease": "釋放角色",
  "PLAYERS.ConfigTitle": "玩家設置",
  "PLAYERS.PlayerColor": "玩家顔色",
  "PLAYERS.PlayerAvatar": "玩家形象",
  "PLAYERS.PullToScene": "移到場景",
  "PLAYERS.SaveConfig": "保存設置",
  "PLAYERS.ViewAvatar": "查看玩家形象",
  "PLAYERS.Kick": "踢出玩家",
  "PLAYERS.Ban": "封禁玩家",
  "PLAYERS.UnBan": "解封玩家",
  "PLAYLIST.Create": "新增播放列表",
  "PLAYLIST.Delete": "删除播放列表",
  "PLAYLIST.Edit": "編輯播放列表",
  "PLAYLIST.GlobalVolume": "全域音量設置",
  "PLAYLIST.ModeDisabled": "僅Soundboard",
  "PLAYLIST.ModeSequential": "連續播放",
  "PLAYLIST.ModeShuffle": "隨機播放",
  "PLAYLIST.ModeSimultaneous": "同步播放",
  "PLAYLIST.Play": "播放列表",
  "PLAYLIST.Stop": "停止列表",
  "PLAYLIST.VolPlaylist": "播放列表",
  "PLAYLIST.VolAmbient": "環境",
  "PLAYLIST.VolInterface": "界面",
  "PLAYLIST.Name": "播放列表名稱",
  "PLAYLIST.Mode": "播放模式",
  "PLAYLIST.Update": "更新播放列表",
  "PLAYLIST.SoundAdd": "添加音效",
  "PLAYLIST.SoundEdit": "編輯音效",
  "PLAYLIST.SoundDelete": "删除音效",
  "PLAYLIST.SoundLoop": "循環音效",
  "PLAYLIST.SoundName": "音軌名稱",
  "PLAYLIST.SoundSrc": "音訊源",
  "PLAYLIST.SoundRepeat": "重複",
  "PLAYLIST.SoundStreaming": "大文件串流",
  "PLAYLIST.SoundUpdate": "更新音軌",
  "PLAYLIST.SoundPlay": "播放音效",
  "PLAYLIST.SoundPreload": "預載音效",
  "PLAYLIST.SoundVolume": "音量",
  "PLAYLIST.SoundStop": "停止播放",
  "SCENES.Accessibility": "可用性",
  "SCENES.AccessibilityGM": "僅GM",
  "SCENES.AccessibilityAll": "所有玩家",
  "SCENES.Activate": "激活",
  "SCENES.AudioPlaylist": "自動播放音訊",
  "SCENES.AudioPlaylistHint": "該場景激活時，自動開始播放選擇的播放列表。",
  "SCENES.BackgroundColor": "背景顔色",
  "SCENES.BackgroundImage": "背景圖像",
  "SCENES.BackgroundImageHint": "配置該場景主地圖的背景圖像和尺寸。",
  "SCENES.BackgroundScale": "背景圖像尺寸",
  "SCENES.Configure": "設置",
  "SCENES.ConfigTitle": "配置場景",
  "SCENES.Darkness": "黑暗水平",
  "SCENES.DarknessHint": "配置黑暗叠加層，使場景模糊不清，以模擬夜晚或昏暗的情况。",
  "SCENES.Dimensions": "場景尺寸",
  "SCENES.DimensionChangeTitle": "改變場景尺寸？",
  "SCENES.DimensionChangeWarning": "你正在嘗試修改該場景的基礎尺寸，如果你已在該場景上放置了對象，這些對象和背景圖像的相對位置可能會偏移。",
  "SCENES.FogExplore": "戰爭迷霧",
  "SCENES.FogExploreHint": "記錄在該場景內的已探索區域幷顯示，如果在視綫範圍外則覆蓋迷霧。",
  "SCENES.GenerateThumb": "刷新預覽圖",
  "SCENES.GlobalIllum": "全域光照",
  "SCENES.GlobalIllumHint": "令場景內的所有區域包含光照，使得受控指示物可以看見場景內視綫可及的所有區域。",
  "SCENES.GlobalLightThreshold": "全域光照閾值",
  "SCENES.GlobalLightThresholdHint": "當黑暗水平超過特定的閾值時，自動禁用全域光照。",
  "SCENES.GridColor": "網格顔色",
  "SCENES.GridConfigTool": "網格設置工具",
  "SCENES.GridOpacity": "網格不透明度",
  "SCENES.GridType": "網格類型",
  "SCENES.GridGridless": "無網格",
  "SCENES.GridSquare": "方格",
  "SCENES.GridHexOddR": "六邊形-奇數行",
  "SCENES.GridHexEvenR": "六邊形-偶數行",
  "SCENES.GridHexOddQ": "六邊形-奇數列",
  "SCENES.GridHexEvenQ": "六邊形-偶數列",
  "SCENES.GridSize": "網格大小",
  "SCENES.GridPosition": "網格偏移位置",
  "SCENES.GridScale": "網格尺度",
  "SCENES.GridDistance": "距離",
  "SCENES.GridUnits": "網格單位",
  "SCENES.HeaderAmbience": "環境與氛圍",
  "SCENES.HeaderAmbienceHint": "爲該場景額外整合日誌條目、音訊播放列表或者天氣效果。",
  "SCENES.HeaderDetails": "詳情與尺寸",
  "SCENES.HeaderDetailsHint": "配置該場景的基礎詳情以及可見性權限。",
  "SCENES.HeaderGrid": "網格配置",
  "SCENES.HeaderGridHint": "配置該場景的網格尺寸和尺度以測量指示物的移動。",
  "SCENES.HeaderVision": "視野與光照",
  "SCENES.HeaderVisionHint": "配置該場景下的視野、光照以及戰爭迷霧。",
  "SCENES.InitialView": "初始視圖位置",
  "SCENES.InitialViewButton": "獲取當前視圖位置",
  "SCENES.InitialViewHint": "設置此場景出現時的初始位置。",
  "SCENES.NavName": "導航名",
  "SCENES.NavNameHint": "在導航欄顯示的給玩家的場景別名。",
  "SCENES.Notes": "場景筆記",
  "SCENES.Padding": "內距比例",
  "SCENES.Pixels": "像素",
  "SCENES.Preload": "預加載場景",
  "SCENES.SceneName": "場景名",
  "SCENES.View": "查看場景",
  "SCENES.JournalNotes": "日誌備注",
  "SCENES.JournalNotesHint": "連結到日誌條目，爲GM提供該場景的筆記。",
  "SCENES.ShowNav": "顯示在導航欄",
  "SCENES.ShiftBG": "背景偏移量",
  "SCENES.ShiftHorizontal": "水平",
  "SCENES.ShiftVertical": "垂直",
  "SCENES.TokenVision": "指示物視野",
  "SCENES.TokenVisionHint": "根據受控的指示物和其視野來决定在該場景內的可見部分。",
  "SCENES.ToggleNav": "切換導航欄顯示",
  "SCENES.Units": "單位",
  "SCENES.WeatherEffect": "天氣效果",
  "SCENES.WeatherEffectHint": "配置該場景內的天氣效果。",
  "SETTINGS.Configure": "配置設定",
  "SETTINGS.Controls": "操作手册",
  "SETTINGS.Docs": "查看文檔",
  "SETTINGS.Invite": "邀請連結",
  "SETTINGS.ManageModules": "管理MOD",
  "SETTINGS.ViewModules": "查看激活MOD",
  "SETTINGS.Title": "游戲設定",
  "SETTINGS.Update": "更新軟件",
  "SETTINGS.Logout": "登出",
  "SETTINGS.Players": "配置玩家",
  "SETTINGS.Reset": "重置配置",
  "SETTINGS.Save": "保存更改",
  "SETTINGS.Setup": "返回設置",
  "SETTINGS.InfoHeader": "基本信息",
  "SETTINGS.SettingsHeader": "游戲設定",
  "SETTINGS.DocsHeader": "幫助文檔",
  "SETTINGS.AccessHeader": "游戲訪問權限",
  "SETTINGS.Wiki": "社區WIKI",
  "SETTINGS.AnimVisionN": "指示物視野動畫",
  "SETTINGS.AnimVisionL": "在指示物移動的動畫過程當中，同步動態改變指示物的視野以及光綫。禁用該項可以在低端設備上改善性能。",
  "SETTINGS.AnimLightN": "光源動畫",
  "SETTINGS.AnimLightL": "允許播放光源動畫。禁用該項可以在低端設備上改善性能。",
  "SETTINGS.LangN": "語言",
  "SETTINGS.LangL": "更改Foundry Virtual Tabletop的顯示語言。",
  "SETTINGS.LClickReleaseN": "單擊左鍵釋放對象",
  "SETTINGS.LClickReleaseL": "啓用後，在空畫布上單擊鼠標左鍵將會釋放當前控制的所有對象。禁用時，釋放對象的方法是框選一片空間、按住SHIFT點擊對象或者按下ESC鍵。",
  "SETTINGS.CBubN": "聊天氣泡",
  "SETTINGS.CBubL": "啓用後，當以角色進行發言或者發送表情時，消息將會以氣泡框的形式顯示在指示物上方。",
  "SETTINGS.CBubPN": "聚焦發言",
  "SETTINGS.CBubPL": "當顯示聊天氣泡框時，自動將視角平移到正在發言的指示物。",
  "SETTINGS.MaxFPSN": "FPS限制",
  "SETTINGS.MaxFPSL": "限制Foundry Virtual Tabletop渲染畫布更新的最高幀率。調低此值可以在低端設備上改善性能。",
  "SETTINGS.MipMapN": "紋理縮放抗鋸齒",
  "SETTINGS.MipMapL": "計算mipmaps以提升在更低水平縮放程度下的紋理抗鋸齒效果。該項爲客戶端設定，不同用戶可選擇不同的視覺風格。",
  "SETTINGS.ResScaleN": "禁用像素分辨率縮放",
  "SETTINGS.ResScaleL": "禁止根據顯示器的像素密度自動縮放畫布分辨率。這將導致高分屏上畫面質量降低，但會提供程序性能上的提升。",
  "SETTINGS.SoftSN": "軟陰影",
  "SETTINGS.SoftSL": "啓用後，動態光照會更加漂亮。禁用該項可以在低端設備上改善性能。",
  "SETTINGS.TabCore": "核心設定",
  "SETTINGS.TabModule": "MOD設定",
  "SETTINGS.TabSystem": "系統設定",
  "SETTINGS.TokenDragPreviewN": "指示物拖拽視野",
  "SETTINGS.TokenDragPreviewL": "啓用後，左鍵拖拽指示物時會實時預覽其視野和光照。此項預設禁用，因爲會促使令人討厭的超游行爲發生。",
  "SETUP.CoreVersion": "核心軟件版本",
  "SETUP.CoreVersionHint": "如果FoundryVTT核心軟件有更新，則可以在此處更新。你當前正在使用{coreVersion}版本。",
  "SETUP.DefaultLanguage": "預設語言",
  "SETUP.DefaultLanguageHint": "你可以選擇一項提供對應語言翻譯文件的MOD，以使FVTT使用其作爲預設語言。",
  "SETUP.SettingsHeader": "軟件設置",
  "SETUP.UpdateHeader": "軟件更新",
  "SETUP.UpdateAvailable": "現在可以更新到{channel}通道下{version}版本！",
  "SETUP.Configuration": "設置",
  "SETUP.ConfigurationWarning": "以下字段用於自定義Foundry Virtual Tabletop軟件的行爲。重新啓動軟件才能使這些更改生效。",
  "SETUP.MinifyFiles": "優化靜態文件尺寸",
  "SETUP.MinifyFilesHint": "提供最小化的JavaScript和CSS文件來减少網絡帶寬占用。對於除了MOD開發者外的大多數用戶，推薦啓用該項。",
  "SETUP.Modules": "MOD",
  "SETUP.Systems": "游戲系統",
  "SETUP.Title": "安裝與設置",
  "SETUP.Update": "軟件更新",
  "SETUP.UpdateAll": "全部更新",
  "SETUP.UpdateChannel": "軟件更新通道",
  "SETUP.UpdateChannelHint": "你可以選擇一個更新通道來控制希望的更新核心Foundry Virtual Tabletop軟件的方式。如無特殊原因，建議直接使用Release通道。",
  "SETUP.UpdateCheck": "檢查更新",
  "SETUP.UpdateCheckFor": "檢查更新",
  "SETUP.UpdateAlpha": "Alpha（不穩定）",
  "SETUP.UpdateBeta": "Beta（候選）",
  "SETUP.UpdateRelease": "Release（穩定）",
  "SETUP.UpdateKey": "更新密鑰",
  "SETUP.ForceUpdateHint": "勾選强制更新框將會强制變更軟件更新到對應通道的最新版本。使用前，請確保已知悉該項的預期行爲。",
  "SETUP.UpdateWarning": "爲更新Foundry Virtual Tabletop，你需要連接到互聯網幷擁有有效的軟件許可證。",
  "SETUP.Uninstall": "移除",
  "SETUP.WorldCreate": "新增世界",
  "SETUP.WorldDelete": "删除",
  "SETUP.WorldEdit": "編輯",
  "SETUP.WorldLaunch": "啓動",
  "SETUP.Worlds": "游戲世界",
  "SETUP.RequireUpdate": "需要更新",
  "SETUP.RequireSystem": "需要更新系統",
  "SETUP.RequireDep": "需要依賴項",
  "SETUP.RequireCore": "需要更新核心",
  "SETUP.CompatibilityUnknown": "兼容性未知",
  "SETUP.CompatibilityRisk": "兼容性風險",
  "SETUP.ManifestURL": "在綫安裝地址（連結）",
  "SETUP.InstallHint": "你可以輸入一個網絡地址（清單文件連結）來安裝。",
  "SETUP.InstallModule": "安裝MOD",
  "SETUP.InstallSystem": "安裝系統",
  "SETUP.InstallSuccess": "{type} {name}安裝成功",
  "SETUP.InstallFailure": "安裝失敗：{message}",
  "SETUP.InstallWorld": "安裝世界",
  "SETUP.UninstallSuccess": "移除成功",
  "SETUP.UninstallFailure": "移除失敗",
  "SETUP.UpdateSuccess": "更新成功",
  "SETUP.UpdateFailure": "更新失敗",
  "SETUP.PackagesLoading": "正在加載可用軟件包",
  "SETUP.PackageFilter": "過濾軟件包",
  "SETUP.PackageFilterHint": "你可以通過標題名檢索軟件包",
  "SETUP.PackageCategories": "軟件包類別",
  "SETUP.PackageInstalled": "已安裝",
  "SETUP.PackageNotOwned": "未擁有",
  "SETUP.PackageVisAll": "全部",
  "SETUP.PackageVisInst": "已安裝",
  "SETUP.PackageVisUnin": "未安裝",
  "SETUP.PackageHasDependencies": "你安裝的軟件包需要{number}個尚未安裝的依賴項。",
  "SETUP.PackageDependenciesTitle": "安裝軟件包依賴項",
  "SETUP.PackageInstallDependencies": "如果不安裝這些依賴項，可能無法正常使用該軟件包。你要自動安裝這些依賴項嗎？",
  "SETUP.PackageDependenciesDecline": "你已拒絕爲{title}自動安裝所需的依賴項。你需要手動安裝這些依賴項。",
  "SETUP.PackageDependenciesSuccess": "已成功安裝{title}和其需要的{number}個依賴項。",
  "SETUP.PackageUpdateBlocked": "{name}有更新可用，但其需要核心軟件版本{vreq}，而目前使用的版本爲{vcur}。",
  "SETUP.UpdateWarningWillDisable": "該更新是Foundry Virtual Tabletop的新的主要版本。安裝該更新可能將禁用某些已安裝的不兼容的MOD。",
  "SETUP.UpdateButtonDownload": "下載更新 {version}",
  "SETUP.UpdateInfoAvailable": "Foundry Virtual Tabletop版本{version}更新可用！",
  "SETUP.WorldMigrationRequiredTitle": "需要遷移世界數據",
  "SETUP.WorldMigrationRequired": "<p>啓動世界<strong>{world}</strong> 將把其舊有核心版本{oldVersion}的數據模型遷移到當前安裝的版本{newVersion}上。</p><p>該過程同時也會自動禁用<strong>已安裝的{nModules}個MOD中{nIncompatible}個</strong>可能與新版本不兼容的MOD。你需要重新手動開啓這些MOD。</p><p>請確認當前是否有任何可用的游戲系統和模組的更新，幷且請周期性備份重要的世界數據。你想要繼續進行嗎？</p>",
  "SETUP.AdminAccess": "管理員權限",
  "SETUP.AdminKeyLabel": "管理員密碼",
  "SETUP.AdminKeyHint": "你可以爲該設置界面指定一個特別的管理員密碼。",
  "SETUP.AdminLogout": "管理員登出",
  "SETUP.AWSLabel": "AWS配置文件位置",
  "SETUP.AWSHint": "你可以提供一個用於集成S3的AWS配置文件。該位置可以是絕對位置，或者是用戶數據目錄中Config子目錄的相對位置。",
  "SETUP.PortLabel": "端口",
  "SETUP.PortHint": "你可以選擇Foundry Virtual Tabletop用於TCP連接通信的端口，幷啓用或禁用通用即插即用（UPnP）。",
  "SETUP.UPNPLabel": "啓用UPnP？",
  "SETUP.DataPathLabel": "用戶數據位置",
  "SETUP.DataPathHint": "配置存儲用戶數據（包括世界、系統和MOD）的位置。",
  "SETUP.WorldLabel": "預設世界",
  "SETUP.WorldHint": "你可以選擇在軟件啓動時自動啓動一個可用的世界。",
  "SETUP.SSLCertLabel": "SSL證書",
  "SETUP.SSLKeyLabel": "SSL密鑰",
  "SETUP.SSLHint": "你可以提供證書和密鑰文件的位置來使用安全套接字層（SSL）加密來運行服務器。該位置可以是絕對位置，或者是用戶數據目錄中Config子目錄的相對位置。",
  "SHEETS.ThisSheet": "該卡",
  "SHEETS.DefaultSheet": "預設卡",
  "SHEETS.EntitySheetHint": "設置僅用於該實體的卡範本。",
  "SHEETS.TypeSheetHint": "設置用於此類實體的預設卡範本（僅GM）。",
  "SHEETS.EntitySheetPrivate": "你沒有查看該實體的卡的權限。",
  "SHEETS.Save": "保存設置",
  "SIDEBAR.CharArt": "查看角色圖像",
  "SIDEBAR.CollapseToggle": "展開/折叠",
  "SIDEBAR.Delete": "删除",
  "SIDEBAR.DeleteConfirm": "<h3>你確定？</h3><p>此實體將會被<strong>永久删除</strong>。</p>",
  "SIDEBAR.Duplicate": "複製",
  "SIDEBAR.Export": "導出數據",
  "SOUND.ConfigTitle": "環境音配置",
  "SOUND.ConfigHint": "配置指示物移動到半徑內時，播放音訊文件的環境音。",
  "SOUND.Create": "新增環境音",
  "SOUND.Update": "更新環境音",
  "SOUND.SourcePath": "源文件位置",
  "SOUND.Radius": "效果半徑",
  "SOUND.TypeLocal": "局部聲音",
  "SOUND.TypeGlobal": "全域聲音",
  "SOUND.Easing": "音量緩動",
  "SOUND.EasingHint": "隨著指示物接近聲源，調整聲音的音量水平。",
  "SOUND.MaxVol": "最大音量",
  "SOUND.MaxVolHint": "設定該聲音位於原點處（如使用緩動）或該區域內所有位置的最大音量。",
  "FOLDER.Clear": "清除文件夾",
  "FOLDER.Color": "文件夾顔色",
  "FOLDER.Create": "新增文件夾",
  "FOLDER.Collapse": "折叠全部文件夾",
  "FOLDER.Delete": "删除全部內容",
  "FOLDER.DeleteConfirm": "<h3>你確定？</h3><p>這個文件夾和其全部內容將被<strong>永久删除</strong>幷且無法恢復。</p>",
  "FOLDER.Edit": "編輯文件夾",
  "FOLDER.Export": "導出到合集",
  "FOLDER.Name": "文件夾名",
  "FOLDER.Remove": "移除文件夾",
  "FOLDER.RemoveConfirm": "<h3>你確定？</h3><p>這個文件夾將被移除幷且其內容會被移動到上一層。</p>",
  "FOLDER.SortAlphabetical": "字母序",
  "FOLDER.SortManual": "手調序",
  "FOLDER.Update": "更新文件夾",
  "FOLDER.ExportTitle": "導出內容",
  "FOLDER.ExportHint": "你可以將該文件夾包含的實體導出到一個已解鎖的對應類型的合集。",
  "FOLDER.ExportDestination": "目標包",
  "FOLDER.ExportMerge": "按名稱合幷？",
  "FOLDER.ExportWarningNone": "沒有對應{type}實體類型的已解鎖的合集用於導出。",
  "FOLDER.CreateTable": "新增隨機表",
  "FOLDER.CreateTableConfirm": "是否用該文件夾的內容作爲隨機表結果，新增一個隨機表實體？",
  "PERMISSION.NONE": "無",
  "PERMISSION.LIMITED": "限制",
  "PERMISSION.OBSERVER": "查看",
  "PERMISSION.OWNER": "擁有",
  "PERMISSION.DEFAULT": "預設",
  "PERMISSION.NOCHANGE": "不變更",
  "PERMISSION.AllPlayers": "所有玩家",
  "PERMISSION.Configure": "配置權限",
  "PERMISSION.ConfigureLabel": "打開權限配置",
  "PERMISSION.ConfigureHint": "設置每個用戶組可用的操作。",
  "PERMISSION.Title": "權限設置",
  "PERMISSION.Instructions": "設置哪些用戶有權限執行某些操作。注意無法禁用GM的某些操作。部分操作需要重新加載以生效。",
  "PERMISSION.HintFolder": "配置訪問該文件夾內所有實體所需的權限。此項變更將對包含的所有實體生效，但子文件夾的內容不變。",
  "PERMISSION.HintEntity": "配置訪問該特定實體所需的權限，允許爲每位用戶配置不同級別的可見性。",
  "PERMISSION.Permission": "權限",
  "PERMISSION.Permissions": "用戶組權限",
  "PERMISSION.Reset": "預設值",
  "PERMISSION.Submit": "保存設置",
  "PERMISSION.BroadcastAudio": "允許公頻語音",
  "PERMISSION.BroadcastAudioHint": "在音/視訊聊天中，允許該用戶組的玩家進行公頻語音。",
  "PERMISSION.BroadcastVideo": "允許公頻視訊",
  "PERMISSION.BroadcastVideoHint": "在音/視訊聊天中，允許該用戶組的玩家進行公頻視訊。",
  "PERMISSION.ActorCreate": "新增角色",
  "PERMISSION.ActorCreateHint": "允許該用戶組在世界中新增新角色。",
  "PERMISSION.DrawingCreate": "使用繪圖工具",
  "PERMISSION.DrawingCreateHint": "允許該用戶組在世界中使用繪圖工具。",
  "PERMISSION.ItemCreate": "新增物品",
  "PERMISSION.ItemCreateHint": "允許該用戶組在世界中新增新物品。",
  "PERMISSION.FilesBrowse": "瀏覽資源管理器",
  "PERMISSION.FilesBrowseHint": "允許該用戶組瀏覽可用的文件資源。",
  "PERMISSION.FilesUpload": "上傳文件",
  "PERMISSION.FilesUploadHint": "允許該用戶組上傳內容到服務器。",
  "PERMISSION.JournalCreate": "新增日誌",
  "PERMISSION.JournalCreateHint": "允許用戶組在側邊欄的日誌中新增新的日誌。",
  "PERMISSION.MacroScript": "使用脚本宏",
  "PERMISSION.MacroScriptHint": "允許該用戶組使用JavaScript宏。",
  "PERMISSION.MessageWhisper": "私聊",
  "PERMISSION.MessageWhisperHint": "允許該用戶組進行GM無法看見的私聊。",
  "PERMISSION.SettingsModify": "修改配置設定",
  "PERMISSION.SettingsModifyHint": "允許該用戶組修改游戲設定和激活/關閉MOD。",
  "PERMISSION.ShowCursor": "顯示鼠標光標",
  "PERMISSION.ShowCursorHint": "顯示玩家鼠標光標的位置，該位置說明了用戶在畫布上的觀看位置。",
  "PERMISSION.ShowRuler": "顯示標尺",
  "PERMISSION.ShowRulerHint": "使用標尺工具向其他連接的玩家顯示測量的距離。",
  "PERMISSION.TemplateCreate": "新增測量範本",
  "PERMISSION.TemplateCreateHint": "允許該用戶組新增測量範圍用的範本。",
  "PERMISSION.TokenCreate": "放置指示物",
  "PERMISSION.TokenCreateHint": "允許該用戶組從角色中放置其擁有的指示物到畫面中。",
  "PERMISSION.TokenConfigure": "設置指示物",
  "PERMISSION.TokenConfigureHint": "允許該用戶組設置其擁有的指示物。",
  "PERMISSION.WallDoors": "開/關門",
  "PERMISSION.WallDoorsHint": "允許該用戶組與門進行交互。",
  "SIDEBAR.Import": "導入數據",
  "SIDEBAR.SceneCreate": "新增場景",
  "SIDEBAR.SceneSearch": "搜索場景",
  "SIDEBAR.TabChat": "聊天記錄",
  "SIDEBAR.TabCombat": "戰鬥板",
  "SIDEBAR.TabScenes": "場景目錄",
  "SIDEBAR.TabActors": "角色目錄",
  "SIDEBAR.TabItems": "物品目錄",
  "SIDEBAR.TabJournal": "日誌條目",
  "SIDEBAR.TabPlaylists": "播放列表",
  "SIDEBAR.TabCompendium": "合集包",
  "SIDEBAR.TabSettings": "游戲設定",
  "SIDEBAR.TabTables": "隨機表",
  "SIDEBAR.TokenArt": "查看指示物圖像",
  "SIDEBAR.JumpPin": "跳到標記",
  "TABLE.AnimateSetting": "隨機表動畫",
  "TABLE.AnimateSettingHint": "從隨機表獲得結果時顯示轉盤式的動畫。",
  "TABLE.Create": "新增隨機表",
  "TABLE.Description": "隨機表描述",
  "TABLE.DisplayRoll": "在聊天視窗顯示擲骰結果？",
  "TABLE.Formula": "隨機表公式",
  "TABLE.Search": "搜索隨機表",
  "TABLE.SheetTitle": "隨機表配置",
  "TABLE.Normalize": "規範化結果權重",
  "TABLE.Replacement": "重複獲取？",
  "TABLE.Reset": "重置",
  "TABLE.ResultCreate": "新增結果",
  "TABLE.ResultType": "結果類型",
  "TABLE.ResultDetails": "結果詳情",
  "TABLE.ResultDelete": "删除結果",
  "TABLE.ResultWeight": "權重",
  "TABLE.ResultRange": "範圍",
  "TABLE.Roll": "擲骰",
  "TABLE.ToggleDrawn": "切換獲取狀態",
  "TABLE.Update": "更新",
  "TEMPLATE.ConeTypeSetting": "錐形量板類型",
  "TEMPLATE.ConeTypeSettingHint": "選擇錐形範本的影響的區域的類型。",
  "TEMPLATE.ConeTypeFlat": "平角",
  "TEMPLATE.ConeTypeRound": "弧形",
  "TOKEN.Assign": "分配指示物",
  "TOKEN.AssignWarn": "你必須選擇一個現存的指示物來分配爲新的指示物範本。",
  "TOKEN.AssignSuccess": "已更新{name}的指示物範本配置",
  "TOKEN.BarAttributes": "屬性條",
  "TOKEN.BarValues": "單一值",
  "TOKEN.CharActor": "關聯角色",
  "TOKEN.CharDisposition": "指示物傾向",
  "TOKEN.CharInstructions": "設置該指示物所關聯的角色。",
  "TOKEN.CharLink": "與關聯角色同步數據",
  "TOKEN.CharNameplate": "指示物名稱",
  "TOKEN.CharShowNameplate": "顯示名稱",
  "TOKEN.ImageAlts": "角色替代指示物",
  "TOKEN.ImageInstructions": "設置指示物的圖像、大小和比例。",
  "TOKEN.ImagePath": "指示物圖像位置",
  "TOKEN.MirrorX": "水平鏡像",
  "TOKEN.MirrorY": "垂直鏡像",
  "TOKEN.PositionInstructions": "設置指示物的位置、方向和高度。",
  "TOKEN.PositionLock": "鎖定旋轉",
  "TOKEN.RandomImg": "隨機化圖像",
  "TOKEN.ResourceInstructions": "配置指示物跟踪顯示的屬性條。",
  "TOKEN.ResourceBar1A": "屬性條1 屬性",
  "TOKEN.ResourceBar1D": "屬性條1 數據",
  "TOKEN.ResourceBar2A": "屬性條2 屬性",
  "TOKEN.ResourceBar2D": "屬性條2 數據",
  "TOKEN.ResourceDisplay": "顯示屬性條",
  "TOKEN.Title": "配置指示物",
  "TOKEN.TitlePrototype": "指示物範本",
  "TOKEN.TintColor": "著色色調",
  "TOKEN.Update": "更新指示物",
  "TOKEN.VisionInstructions": "配置指示物的視覺能力和其光照範圍。",
  "TOKEN.VisionHas": "擁有視覺",
  "TOKEN.VisionBrightDist": "黑暗視覺",
  "TOKEN.VisionDimDist": "昏暗視覺",
  "TOKEN.VisionSightAngle": "視覺角度",
  "TOKEN.HOSTILE": "敵對",
  "TOKEN.NEUTRAL": "中立",
  "TOKEN.FRIENDLY": "友好",
  "TOKEN.DISPLAY_NONE": "從不顯示",
  "TOKEN.DISPLAY_CONTROL": "控制時顯示",
  "TOKEN.DISPLAY_OWNER_HOVER": "擁有者懸停時顯示",
  "TOKEN.DISPLAY_HOVER": "任何人懸停時顯示",
  "TOKEN.DISPLAY_OWNER": "始終向擁有者顯示",
  "TOKEN.DISPLAY_ALWAYS": "始終向所有人顯示",
  "USER.RoleNone": "無",
  "USER.RolePlayer": "玩家",
  "USER.RoleTrusted": "受信玩家",
  "USER.RoleAssistant": "GM助手",
  "USER.RoleGamemaster": "GM",
  "USERS.AccessKey": "訪問密碼",
  "USERS.Role": "用戶組",
  "USERS.UserName": "用戶名",
  "USERS.KeyShow": "顯示訪問密碼",
  "USERS.Create": "新增用戶",
  "USERS.Delete": "删除用戶",
  "USERS.Launch": "啓動游戲",
  "USERS.ManageTitle": "用戶管理",
  "USERS.UpdateSuccess": "已成功更新游戲用戶，正在回到游戲世界。",
  "USERS.NoGMError": "你必須爲你的世界配置至少一個GM用戶。",
  "WALLS.Title": "配置墻體",
  "WALLS.TitleMany": "配置墻體 [多重]",
  "WALLS.Instructions": "自定義墻體如何限制移動和視綫。",
  "WALLS.Coordinates": "墻體坐標",
  "WALLS.Movement": "限制移動",
  "WALLS.Senses": "限制視綫",
  "WALLS.Direction": "墻方位",
  "WALLS.Door": "門？",
  "WALLS.DoorState": "門狀態",
  "WALLS.Submit": "更新墻",
  "WORLD.DetailTab": "世界細節",
  "WORLD.DescTab": "世界描述",
  "WEBRTC.Title": "音/視訊配置",
  "WEBRTC.MenuLabel": "設置音/視訊",
  "WEBRTC.MenuHint": "配置特定於集成音/視訊WebRTC組件的設置",
  "WEBRTC.UnknownDevice": "<未知設備>",
  "WEBRTC.VideoDevice": "視訊捕獲設備",
  "WEBRTC.VideoDeviceNotes": "選擇你想要用來捕獲視訊的設備。",
  "WEBRTC.AudioDevice": "音訊捕獲設備",
  "WEBRTC.AudioDeviceNotes": "選擇你想要用來捕獲音訊的設備。",
  "WEBRTC.AudioOutput": "音訊輸出設備",
  "WEBRTC.AudioOutputNotes": "選擇你想要用來播放音訊的設備。",
  "WEBRTC.DeviceUnavailableWarning": "配置的輸入設備中有設備不可用，音/視訊通信無法啓動。",
  "WEBRTC.DisableVideoSource": "禁用攝像頭源",
  "WEBRTC.DisableAudioSource": "禁用音訊源",
  "WEBRTC.DisableAudioOutput": "禁用音訊輸出",
  "WEBRTC.DefaultSource": "預設設備",
  "WEBRTC.UnavailableDevice": "不可用設備（將使用預設設備）",
  "WEBRTC.WebRTCServer": "選擇通信服務器",
  "WEBRTC.WebRTCServerURL": "通信服務器地址",
  "WEBRTC.FVTTSignalingServer": "Foundry VTT",
  "WEBRTC.CustomSignalingServer": "自訂服務器",
  "WEBRTC.WebRTCServerUsername": "通信服務器用戶名",
  "WEBRTC.WebRTCServerPassword": "通信服務器密碼",
  "WEBRTC.WebRTCTurnServer": "配置中繼服務器",
  "WEBRTC.TURNServerProvisioned": "由通信服務器提供",
  "WEBRTC.CustomTURNServer": "自訂中繼服務器",
  "WEBRTC.WebRTCTURNURL": "中繼服務器URL",
  "WEBRTC.WebRTCTurnUsername": "中繼服務器用戶名",
  "WEBRTC.WebRTCTurnPassword": "中繼服務器密碼",
  "WEBRTC.GeneralTab": "常規",
  "WEBRTC.DevicesTab": "設備",
  "WEBRTC.ServerTab": "服務器",
  "WEBRTC.GeneralTabNotGM": "通用的音/視訊設置只能由GM修改。",
  "WEBRTC.AVMode": "音/視訊會議模式",
  "WEBRTC.AVModeNotes": "只有GM可以配置這些設定，需要重載Foundry VTT。",
  "WEBRTC.ModeDisabled": "禁用",
  "WEBRTC.ModeAudioOnly": "僅限音訊",
  "WEBRTC.ModeVideoOnly": "僅限視訊",
  "WEBRTC.ModeAudioVideo": "啓用音/視訊",
  "WEBRTC.TooltipToggleVideo": "切換視訊",
  "WEBRTC.TooltipConfigure": "配置設定",
  "WEBRTC.TooltipDock": "發送到Dock",
  "WEBRTC.TooltipPopout": "彈出",
  "WEBRTC.PTTKey": "發言/靜音鍵",
  "WEBRTC.PTTKeyNotes": "設置在按住發言模式下按住發言的按鍵。非按住發言模式下，該鍵將用於靜音。",
  "WEBRTC.VoiceMode": "語音模式",
  "WEBRTC.VoiceModeNotes": "選擇你的語音在音/視訊通話中激活的方式。",
  "WEBRTC.VoiceModeAlways": "始終啓用",
  "WEBRTC.VoiceModeActivity": "聲音激活",
  "WEBRTC.VoiceModePtt": "按住發言",
  "WEBRTC.TooltipAllowUserVideo": "允許用戶視訊",
  "WEBRTC.TooltipBlockUserVideo": "阻止用戶視訊",
  "WEBRTC.TooltipAllowUserAudio": "允許用戶語音",
  "WEBRTC.TooltipBlockUserAudio": "阻止用戶語音",
  "WEBRTC.TooltipEnableMyVideo": "啓用視訊",
  "WEBRTC.TooltipDisableMyVideo": "關閉視訊",
  "WEBRTC.TooltipEnableMyAudio": "啓用語音",
  "WEBRTC.TooltipDisableMyAudio": "關閉語音",
  "WEBRTC.TooltipMutePeers": "關閉其他用戶的語音",
  "WEBRTC.TooltipUnmutePeers": "僅開啓其他用戶的語音",
  "WEBRTC.TooltipShowPlayers": "顯示玩家列表",
  "WEBRTC.TooltipHidePlayers": "隱藏玩家列表",
  "WEBRTC.TooltipChangeSize": "切換視訊大小",
  "WEBRTC.CaptureWarningVideo": "無法獲取你的音訊設備；僅分享視訊",
  "WEBRTC.CaptureWarningAudio": "無法獲取你的視訊設備；僅分享音訊",
  "WEBRTC.CaptureErrorAudioVideo": "無法捕獲你的音訊和視訊設備",
  "WEBRTC.CaptureErrorVideo": "無法捕獲你的視訊設備",
  "WEBRTC.CaptureErrorAudio": "無法捕獲你的音訊設備",
  "WEBRTC.ConnectError": "在連接音/視訊信號服務器時出錯",
  "WEBRTC.ConnectionLostWarning": "與音/視訊信號服務器失去連接。試圖重新增立連接。",
  "WEBRTC.GenericError": "WebRTC錯誤：",
  "WEBRTC.NoSSLError": "無法使用音/視訊通信，除非你的Foundry VTT服務器正在使用SSL證書。有關說明，請參閱連綫文檔。",
  "WEBRTC.WarningCannotEnableVideo": "你沒有廣播視訊流的權限，無法啓用攝像頭。",
  "WEBRTC.WarningCannotEnableAudio": "你沒有廣播音訊流的權限，無法啓用麥克風。"
}